hidden,entropy_reg,bandwidth,score_epoch,interval,mae,wass,train_time,imp_time,overall_mae,overall_rmse,mice_missing_mae,mice_missing_rmse,mice_overall_mae,mice_overall_rmse,rfmice_missing_mae,rfmice_missing_rmse,rfmice_overall_mae,rfmice_overall_rmse,best_method_missing_mae,best_method_missing_rmse,best_method_overall_mae,best_method_overall_rmse,missing,dataset_name,seed,p_miss
"[256, 256, 256]",15.0,5.0,500,4,0.8034709479773949,1.647600686930104,11.447591304779053,1.5802829265594482,0.12581373885944602,0.46176390425872404,0.5139141748033755,0.8132742021586129,0.08047268410593318,0.32182215715108264,0.3441405863983321,0.6846363321040537,0.05388821335363893,0.2709186405727897,RFMICE,RFMICE,RFMICE,RFMICE,MAR,blood_transfusion,4,0.3
"[256, 256, 256]",15.0,5.0,500,4,0.8180149038616372,2.516697091696108,11.573645830154419,1.604740858078003,0.24865454498043632,0.6403425230753366,0.6746395206075463,1.020643531627207,0.20507228197258306,0.5627191309484187,0.34257670918687044,0.7067551961117521,0.10413411215569343,0.3896606968303869,RFMICE,RFMICE,RFMICE,RFMICE,MNAR,blood_transfusion,4,0.3
