hidden,entropy_reg,bandwidth,score_epoch,interval,mae,wass,train_time,imp_time,overall_mae,overall_rmse,missing,dataset_name,seed,p_miss
"[128, 128]",10.0,0.5,200,1,0.45911162304164976,0.2578847522947474,6.069916725158691,1.3707003593444824,0.07058534311469214,0.2851412928716637,MAR,blood_transfusion,4,0.3
"[128, 128]",10.0,0.5,200,1,0.512651759973286,0.245387088365755,6.167980670928955,1.2062489986419678,0.1555774726122138,0.4740073220470854,MNAR,blood_transfusion,4,0.3
