hidden,entropy_reg,bandwidth,score_epoch,interval,mae,wass,train_time,imp_time,overall_mae,overall_rmse,mice_missing_mae,mice_wass,mice_overall_mae,mice_overall_rmse,rfmice_missing_mae,rfmice_wass,rfmice_overall_mae,rfmice_overall_rmse,best_method_missing_mae,best_method_wasserstein,best_method_overall_mae,best_method_overall_rmse,missing,dataset_name,seed,p_miss
"[128, 128]",10.0,0.5,200,1,0.4153966324834819,0.8870277092023232,4.38857364654541,1.433779001235962,0.0650460400266276,0.3317553691180782,0.5139141748033755,0.8184129672596936,0.08047268410593318,0.32182215715108264,0.3436098854452704,0.5736292778129344,0.05380511206504964,0.2696675089950311,RFMICE,RFMICE,RFMICE,RFMICE,MAR,blood_transfusion,4,0.3
"[128, 128]",10.0,0.5,200,1,0.48725458721939047,1.44653246681822,4.286133289337158,1.4125800132751465,0.14811229856902594,0.49741133528852277,0.6746395206075463,1.7984800035860036,0.20507228197258306,0.5627191309484187,0.3477432753895438,0.9502614789822905,0.10570460941946255,0.3955390511521482,RFMICE,RFMICE,RFMICE,RFMICE,MNAR,blood_transfusion,4,0.3
